name	pool	seq	size	%gc	tm (use 65)
scheme_d_1_LEFT	1	ATGTGGAAGGGAATTGGGCTCT	22	50.00	61.90
scheme_d_1_RIGHT	1	TTGACTGTTCCGTCATCTGCC	21	52.38	60.71
scheme_d_2_LEFT	2	CATGAGATGTCTGTTCTTGGGGG	23	52.17	61.19
scheme_d_2_RIGHT	2	GTGACATAGGATATGATCTCCTCGAC	26	46.15	60.62
scheme_d_3_LEFT	1	AGATTTTTGTCAACCCAAGTGCG	23	43.48	60.74
scheme_d_3_RIGHT	1	CATCTCAGAGGGAGTTTGGATCC	23	52.17	60.44
scheme_d_4_LEFT	2	TGAAGATGAACCTTGACGACATAGTC	26	42.31	61.28
scheme_d_4_RIGHT	2	CATGTTGATACACCAAATCCTGCC	24	45.83	60.76
scheme_d_5_LEFT	1	GAACTGGGTATACAAATTGAGGAGAAC	27	40.74	60.42
scheme_d_5_RIGHT	1	CTTGAATGTGGTGGTGACATAACC	24	45.83	60.40
scheme_d_6_LEFT	2	AAGGTGGGATACATCTCTGCCA	22	50.00	61.09
scheme_d_6_RIGHT	2	TATGCCTTCCCAAACCCAGG	20	55.00	59.68
scheme_d_7_LEFT	1	ACCGTAAAGACCACCAAGGAGT	22	50.00	61.47
scheme_d_7_RIGHT	1	ACAGAAGACTCCAACAGCTCCA	22	50.00	61.47
scheme_d_8_LEFT	2	TGATGATTGCAGGTGCTCTGG	21	52.38	60.78
scheme_d_8_RIGHT	2	CTTAAGATGTTGGGGATGGTGGG	23	52.17	61.20
scheme_d_9_LEFT	1	GACAGACAATTGCTCTAGGTCTTACA	26	42.31	61.01
scheme_d_9_RIGHT	1	CCTCAAGTTGACCCACCTTATCTC	24	50.00	60.95
scheme_d_10_LEFT	2	CCTTGGACTGGGATGAGGAGAA	22	54.55	61.35
scheme_d_10_RIGHT	2	TGTTTGGGAGGCCATGTCTG	20	55.00	60.27
scheme_d_11_LEFT	1	CCAAATGGTATCTTGATTCGCGAC	24	45.83	60.86
scheme_d_11_RIGHT	1	CTGACATGTCCAGACAGTATATTTGATC	28	39.29	60.39
scheme_d_12_LEFT	2	TCTGTACTCGATCAAGTGTTTGGA	24	41.67	60.04
scheme_d_12_RIGHT	2	GAGAACTGACGTATGTGGAACCTT	24	45.83	60.88
scheme_d_13_LEFT	1	GCTGTCTTCCATTACCTGCTGT	22	50.00	60.80
scheme_d_13_RIGHT	1	CCCAACATTTCAGAGGGGTGAG	22	54.55	61.06
scheme_d_14_LEFT	2	GATGACACAGACTCCCCAAAGG	22	54.55	60.80
scheme_d_14_RIGHT	2	GCACAGCTCCAGAAACCATTCTA	23	47.83	61.12
scheme_d_15_LEFT	1	TTGGCATCTTCGATGTAACAAGTG	24	41.67	60.16
scheme_d_15_RIGHT	1	GAGCTCATTTGTCGCAAGTTGG	22	50.00	60.84
scheme_d_16_LEFT	2	TCAGACTTTAGAAGCTCCAAGATGAC	26	42.31	61.01
scheme_d_16_RIGHT	2	GTGACCTCCGCATCACAAATGA	22	50.00	61.37
scheme_d_17_LEFT	1	TGATGGCATCAGGGACACATC	21	52.38	60.24
scheme_d_17_RIGHT	1	CTGCAGCATATGTTGAAGTGTCTC	24	45.83	60.52
scheme_d_18_LEFT	2	GCTGATGTCTGATTTTGCATTGTC	24	41.67	59.75
scheme_d_18_RIGHT	2	TCAGCCTGATCCAGTGAGATGA	22	50.00	60.81
